objectid,filename,youtubeid,title,format,description,creator,recipient,date,date-is-approximate?,item_information,subject,location,latitude,longitude,related_publication,publisher-digital,source,findingaid,original-identifier,identifier,rights,rightsstatement,type,language,relation
bengal_famine001,map1.jpeg,,Bengal in 1760,image/jpg,An old and accurate map of Bengal ,Thomas Kitchin,,1760,,single-page; photographs,Map,"West Bengal, India",,,,,"London Magazine, Wikimedia Commons",https://commons.wikimedia.org/wiki/File:Bengal_in_1760.jpg,,,Educational use includes non-commercial use of text and images in materials for teaching and research purposes. ,,Image;StillImage,eng,
bengal_famine002,map2.jpeg,,"1770 Bonne Map of Northern India, Burma and Pakistan ",image/jpeg,"A beautiful example of Rigobert Bonne's 1770 decorative map of northern India. Covers the subcontinent from Kandahar east as far as Burma (Pegu) and south to just past Goa. Names countless important Indian cities, river systems and mines. Rhumb lines appear in nautical zones. Arrows in the lower left and lower right show the direction of prevailing winds during the dry season and the monsoon season. Drawn by R. Bonne in 1770 for issue as plate no. A 26 in Jean Lattre's 1776 issue of the Atlas Moderne .",Rigobert Bonne,,1770,,single-page; photographs,Map,"Northern India, Burma and Pakistan",,,,,"Lattre, Jean, Atlas Moderne ou Collection de Cartes sur Toutes les Parties du Globe Terrestre, c. 1775.","https://commons.wikimedia.org/wiki/File:1770_Bonne_Map_of_Northern_India,_Burma_and_Pakistan_-_Geographicus_-_IndiaNorth-bonne-1770.jpg",,,Educational use includes non-commercial use of text and images in materials for teaching and research purposes. ,,Image;StillImage,eng,
bengal_famine003,map3.jpeg,,"1776 Rennell - Dury Wall Map of Bihar and Bengal, India ",image/jpeg,"An altogether spectacular wall sized map of those parts of Bengal and Bihar, India. Follows the course of the Ganges River from Varanasi (Benares) eastward to the Ganges Delta and the Bay of Bengal. Includes Varanasi (Benares), Dacca (Dahka, Bengladesh), and Patna among many other important Indian cities. Bounded on the north by the Himalaya Mountains and the border with Bhutan. One of the first accurate maps of the interior of India. Laid out from primary surveys done by James Rennell, the first modern cartographer to map the interior of India. Notes cities, markets, battlefields, fortresses, roads, rivers, offers political commentary, and features some geographical references. Elaborate title in the lower left quadrant. Upper right quadrant features a dedication and letter of thanks written by Andrew Dury, the publisher, to the board of the East India Company. This is the first edition of this rare map – 1776 – as published by Dury. Later editions were published by Sayer and Bennet and by Laurie and Whittle.",Major James Rennell,,1776,,single-page; photographs,Map,Bengal and Bihar,,,,,"The Bengal Atlas, Rennell, James, (1779 first edition)","https://commons.wikimedia.org/wiki/File:1776_Rennell_-_Dury_Wall_Map_of_Bihar_and_Bengal,_India_-_Geographicus_-_BaharBengal-dury-1776.jpg",,,Educational use includes non-commercial use of text and images in materials for teaching and research purposes. ,,Image;StillImage,eng,
bengal_famine004,india1.jpg,,Scarcity in India,image/jpg,"This is one of a pair of Singleton prints that contrast British wealth with food shortages in India during 1769-1770. Two sailors are bargaining with a scantily clad Indian girl with a basket of fruit. Although pineapples were luxury goods at this time, the mirror, and in particular the watch offered by the seaman on the left represent a disproportionately high price for the fruit. The girl’s hairstyle resembles a pineapple reinforcing the point that she is the object of their attention rather than her wares.","Henry Singleton, Charles Knight",,1794,,single-page; photographs,Painting,India,,,,,"National Maritime Museum, Greenwich, London, Caird Collection",https://www.rmg.co.uk/collections/objects/rmgc-object-154914,,,Educational use includes non-commercial use of text and images in materials for teaching and research purposes. ,,Image;StillImage,eng,
bengal_famine005,eic3.jpg,,Shah 'Alam conveying the grant of the Diwani to Lord Clive,image/jpg,"The Mughal emperor Shah Alam hands a scroll to Robert Clive, the governor of Bengal (Treaty of Allahabad), which transferred tax collecting rights in Bengal, Bihar and Orissa to the East India Company, August 1765",Benjamin West ,,1818,,single-page; photographs,Painting,Bengal ,,,,,British Library, https://www.theguardian.com/world/2015/mar/04/east-india-company-original-corporate-raiders,,,Educational use includes non-commercial use of text and images in materials for teaching and research purposes. ,,Image;StillImage,eng,
bengal_famine006,map4.jpeg,,map4,image/jpeg,"Map of India in 1765 from Imperial Gazetteer of India, volume 26, Atlas, Oxford University Press, 1908. Scanned from personal copy and uploaded by Fowler&fowler«Talk» 02:53, 25 February 2009 (UTC)",J. G. Bartholomew and Sons. Edinburgh,,1765,,single-page; photographs,Map,India,,,,,"Imperial Gazetteer of India, volume 26, Atlas, Oxford University Press, 1908",https://kids.kiddle.co/Image:India-ImperialGazetteer-1765.jpg,,,Educational use includes non-commercial use of text and images in materials for teaching and research purposes. ,,Image;StillImage,eng,
bengal_famine007,map5.jpeg,,"Historical map of India from 1760 to 1770

",image/jpeg,"Illustrating - Benares (also Banaras, Kasi, Varanasi) 1776, - Bengal 1765, Calcutta (also Kalikata, Kolkata) 1640, Carcars (also Sarkars, Circars) 1786, Madras (also Chennai, Madraspatnam) 1638, Pondicherry (French), Bombay (also Mumbai) 1669, Goa (Portuguese), and Indian Ocean, Himalaya Mountains, Bay of Bengal, Ceylon.",UNKNOWN,,1760-1770,,single-page; photographs,Map,India,,,,,"University of Texas at Austin. From The Public Schools Historical Atlas edited by C. Colbeck, 1905.",http://www.emersonkent.com/map_archive/india_1760_1770.htm,,,Educational use includes non-commercial use of text and images in materials for teaching and research purposes. ,,Image;StillImage,eng,
bengal_famine008,india2.jpeg,,Golghar,image/jpeg,"According to a contemporary inscription at its base, the Golghar in Patna was intended to be just the first of a series of huge grain stores. The beehive - shaped structure was designed by John Garstin of the Bengal Engineers, part of the East India Company's Bengal Army. Its construction was completed on 20 July 1786.",Robert Smith,,1814-1815,,single-page; photographs,Painting,"Bankipur, Bihar, India",,,,,"British Library, WD 2090",https://imagesonline.bl.uk/asset/168010,,,Educational use includes non-commercial use of text and images in materials for teaching and research purposes. ,,Image;StillImage,eng,
bengal_famine009,eic1.jpeg,,Fort William,image/jpeg,Fort William in the Kingdom of Bengal belonging to the East India Company of England, Jan Van Ryne,,1754,,single-page; photographs,Painting,"Calcutta, India",,,,,"British Library archive, P462",https://imagesonline.bl.uk/asset/154059/,,,Educational use includes non-commercial use of text and images in materials for teaching and research purposes. ,,Image;StillImage,eng,
bengal_famine010,eic2.jpeg,,Hasan Riza Khan Bahadur,image/jpeg,"Naib Nazim of Dhaka Hasan Riza khan Bahadur is collecting Divan from zamindars. He informed Harry Verelst, President of the Council at Fort William about the ""dryness of the season"". On 7 December, Reza Khan and Shitab Rai proposed to the Council that they enforce a humane grain collection scheme for the upcoming fiscal year, in proportion to the individual produce of peasants. Acting upon the advice of Reza Khan, the Council chose to increase taxes by 10% to meet revenue targets.",,,1782,,single-page; photographs,Painting,India,,,,,"British Library archive, Or. 6633",https://imagesonline.bl.uk/asset/1068/,,,Educational use includes non-commercial use of text and images in materials for teaching and research purposes. ,,Image;StillImage,eng,
bengal_famine011,map6.jpeg,,1793 india Map,image/jpeg,"A map of part of Bengal and Bahar, with the provinces of Benares, Allahabad, Oude and Agra",J. Cary,,1793,,single-page; photographs,Map,India,,,,,"British Library archive, W 2126",https://imagesonline.bl.uk/asset/166566/,,,Educational use includes non-commercial use of text and images in materials for teaching and research purposes. ,,Image;StillImage,eng,
bengal_famine012,Graphic_Art_1.jpeg,,Drawing Disaster: A Lost Sketchbook,image/jpeg,Title cover of the graphic narrative Drawing Disaster: A Lost Sketchbook,"Argha Manna, Debkumar Mitra",,2020,,single-page; photographs,Graphic Narrative,"Bengal, India",,,,,Famine Tale: From India and Britain,https://faminetales.exeter.ac.uk/items/show/47,,,Educational use includes non-commercial use of text and images in materials for teaching and research purposes. ,,Image;StillImage,eng,
bengal_famine013,Graphic_Art_2.jpeg,,Drawing Disaster: Prologue,image/jpeg,"In 1764, the East India Company (EIC) became the new revenue collector of the Bengal province by acquiring Dewani rights, and completing their already vice-like grip on the administration of the region. The Nawabs (any Muslim ruler in North or South India) and Kings became 'puppets', controlled by the EIC. This uprooted previously well-established traditions, and, as inferred here, had a great impact on the severity of the famine of 1769/70.","Argha Manna, Debkumar Mitra",,2020,,single-page; photographs,Graphic Narrative,"Bengal, India",,,,,Famine Tale: From India and Britain,https://faminetales.exeter.ac.uk/items/show/47,,,Educational use includes non-commercial use of text and images in materials for teaching and research purposes. ,,Image;StillImage,eng,
bengal_famine014,Graphic_Art_3.jpeg,,Chapter 1: The Sketchbook,image/jpeg,"The title page of the Chapter 1 ""The Sketchbook""","Argha Manna, Debkumar Mitra",,2020,,single-page; photographs,Graphic Narrative,"Bengal, India",,,,,Famine Tale: From India and Britain,https://faminetales.exeter.ac.uk/items/show/47,,,Educational use includes non-commercial use of text and images in materials for teaching and research purposes. ,,Image;StillImage,eng,
bengal_famine015,Graphic_Art_4.jpeg,,Introduction of Spokepersons,image/jpeg,"Introduction to William Wilson Hunter, and Debdulal Mitra.The entire graphic narriative is the conversation between two of them","Argha Manna, Debkumar Mitra",,2020,,single-page; photographs,Graphic Narrative,"Bengal, India",,,,,Famine Tale: From India and Britain,https://faminetales.exeter.ac.uk/items/show/47,,,Educational use includes non-commercial use of text and images in materials for teaching and research purposes. ,,Image;StillImage,eng,
bengal_famine016,Graphic_Art_5.jpeg,,Famine Sketches for Bengal Districts,image/jpeg,"In the graphic art story, the character Debdulal Mitra shows William Wilson Hunter an old sketchbook given to him by his guru, which is filled with intricate and shocking sketches from famines past, with particular reference to Chhiattor-er Monnotor. This extraordinary fictitious touch allows the historical moment of the 1770 famine to come alive in its own way.","Argha Manna, Debkumar Mitra",,2020,,single-page; photographs,Graphic Narrative,"Bengal, India",,,,,Famine Tale: From India and Britain,https://faminetales.exeter.ac.uk/items/show/47,,,Educational use includes non-commercial use of text and images in materials for teaching and research purposes. ,,Image;StillImage,eng,
bengal_famine017,Graphic_Art_6.jpeg,,Environmental History: Effects of Floods and Droughts ,image/jpeg,"Drawing on recent academic studies of the famine, which emphasise its environmental history, the graphic artist Argha Manna produced some extraordinary reconstructions of landscape, highlighting effects of floods and droughts. ","Argha Manna, Debkumar Mitra",,2020,,single-page; photographs,Graphic Narrative,"Bengal, India",,,,,Famine Tale: From India and Britain,https://faminetales.exeter.ac.uk/items/show/47,,,Educational use includes non-commercial use of text and images in materials for teaching and research purposes. ,,Image;StillImage,eng,
bengal_famine018,Graphic_Art_7.jpeg,,Map of Birbhum,image/jpeg,"The sketchbook acquires a character of its own and differentiates the two historical tales - the 1770 famine of the past and the 1866 Orissa famine which is the ""present"" that the characters of Hunter and Mitra inhabit.","Argha Manna, Debkumar Mitra",,2020,,single-page; photographs,Graphic Narrative,"Bengal, India",,,,,Famine Tale: From India and Britain,https://faminetales.exeter.ac.uk/items/show/47,,,Educational use includes non-commercial use of text and images in materials for teaching and research purposes. ,,Image;StillImage,eng,
bengal_famine019,Graphic_Art_8.jpeg,,Cause of the Famine,image/jpeg,"In this section, Mitra asserts that ""famine is not a sporadic event"" and is the outcome of a ""process of systematically destroying a stable economic system.""","Argha Manna, Debkumar Mitra",,2020,,single-page; photographs,Graphic Narrative,"Bengal, India",,,,,Famine Tale: From India and Britain,https://faminetales.exeter.ac.uk/items/show/47,,,Educational use includes non-commercial use of text and images in materials for teaching and research purposes. ,,Image;StillImage,eng,
bengal_famine020,Graphic_Art_9.jpeg,,Chapter 2: Destruction,image/jpeg,"The title page of the Chapter 2 ""Destruction""","Argha Manna, Debkumar Mitra",,2020,,single-page; photographs,Graphic Narrative,"Bengal, India",,,,,Famine Tale: From India and Britain,https://faminetales.exeter.ac.uk/items/show/47,,,Educational use includes non-commercial use of text and images in materials for teaching and research purposes. ,,Image;StillImage,eng,
bengal_famine021,Graphic_Art_10.jpeg,,Social Hierarchy,image/jpeg,Social hierarchy of Bengal is explained where farmers were at the lowest status,"Argha Manna, Debkumar Mitra",,2020,,single-page; photographs,Graphic Narrative,"Bengal, India",,,,,Famine Tale: From India and Britain,https://faminetales.exeter.ac.uk/items/show/47,,,Educational use includes non-commercial use of text and images in materials for teaching and research purposes. ,,Image;StillImage,eng,
bengal_famine022,Graphic_Art_11.jpeg,,Farmers in Mughal period,image/jpeg,The illustration is focused on the different group of farmers (khud Kashat and Raiyati Kasht) in India during Mughal Period.,"Argha Manna, Debkumar Mitra",,2020,,single-page; photographs,Graphic Narrative,"Bengal, India",,,,,Famine Tale: From India and Britain,https://faminetales.exeter.ac.uk/items/show/47,,,Educational use includes non-commercial use of text and images in materials for teaching and research purposes. ,,Image;StillImage,eng,
bengal_famine023,Graphic_Art_12.jpeg,,Bengal's Weaving Industry,image/jpeg,"Bengal's weaving industry is expained such as silk producers, weavers","Argha Manna, Debkumar Mitra",,2020,,single-page; photographs,Graphic Narrative,"Bengal, India",,,,,Famine Tale: From India and Britain,https://faminetales.exeter.ac.uk/items/show/47,,,Educational use includes non-commercial use of text and images in materials for teaching and research purposes. ,,Image;StillImage,eng,
bengal_famine024,Graphic_Art_13.jpeg,,Abolition of the Dadni System,image/jpeg,"Consequences of abolition of Dadni system, how East India Company destroyed local markets and introduced a monopoly of silk","Argha Manna, Debkumar Mitra",,2020,,single-page; photographs,Graphic Narrative,"Bengal, India",,,,,Famine Tale: From India and Britain,https://faminetales.exeter.ac.uk/items/show/47,,,Educational use includes non-commercial use of text and images in materials for teaching and research purposes. ,,Image;StillImage,eng,
bengal_famine025,Graphic_Art_14.jpeg,,Chapter 3: Artificial Crisis,image/jpeg,"The title page of the Chapter 3 ""Artificial Crisis""","Argha Manna, Debkumar Mitra",,2020,,single-page; photographs,Graphic Narrative,"Bengal, India",,,,,Famine Tale: From India and Britain,https://faminetales.exeter.ac.uk/items/show/47,,,Educational use includes non-commercial use of text and images in materials for teaching and research purposes. ,,Image;StillImage,eng,
bengal_famine026,Graphic_Art_15.jpeg,,Courtyard of Muhammad Reza Khan,image/jpeg,The local Nawabs (hereditary rulers) and Zamindars (the 'aristocracy' – and loyal to the Nawabs) were also culpable for their treatment of the most affected group – the peasant class at the bottom of the socio-economic pyramid.,"Argha Manna, Debkumar Mitra",,2020,,single-page; photographs,Graphic Narrative,"Bengal, India",,,,,Famine Tale: From India and Britain,https://faminetales.exeter.ac.uk/items/show/47,,,Educational use includes non-commercial use of text and images in materials for teaching and research purposes. ,,Image;StillImage,eng,
bengal_famine027,Graphic_Art_16.jpeg,,Local Nawabs and Zamindar's involvement in food crisis,image/jpeg,"The food was looted by local Nawabs, Zamindars and Sepoys in Rungpur","Argha Manna, Debkumar Mitra",,2020,,single-page; photographs,Graphic Narrative,"Bengal, India",,,,,Famine Tale: From India and Britain,https://faminetales.exeter.ac.uk/items/show/47,,,Educational use includes non-commercial use of text and images in materials for teaching and research purposes. ,,Image;StillImage,eng,
bengal_famine028,Graphic_Art_17.jpeg,,East India Company's involvement in food crisis,image/jpeg,Company played a role in food crisis by controlling food supply,"Argha Manna, Debkumar Mitra",,2020,,single-page; photographs,Graphic Narrative,"Bengal, India",,,,,Famine Tale: From India and Britain,https://faminetales.exeter.ac.uk/items/show/47,,,Educational use includes non-commercial use of text and images in materials for teaching and research purposes. ,,Image;StillImage,eng,
bengal_famine029,Graphic_Art_18.jpeg,,Chapter 4: Nature's Fury,image/jpeg,"The title page of the Chapter 4 ""Nature's Fury""","Argha Manna, Debkumar Mitra",,2020,,single-page; photographs,Graphic Narrative,"Bengal, India",,,,,Famine Tale: From India and Britain,https://faminetales.exeter.ac.uk/items/show/47,,,Educational use includes non-commercial use of text and images in materials for teaching and research purposes. ,,Image;StillImage,eng,
bengal_famine030,Graphic_Art_19.jpeg,,Nature's control over the land,image/jpeg,"The images raise questions about man’s control over nature and the significance of local knowledge in showing how nature might be used sensitively, as an ever-changing resource. This was the knowledge, they argue, that the indigenous people of Bengal had, and the EIC lacked.","Argha Manna, Debkumar Mitra",,2020,,single-page; photographs,Graphic Narrative,"Bengal, India",,,,,Famine Tale: From India and Britain,https://faminetales.exeter.ac.uk/items/show/47,,,Educational use includes non-commercial use of text and images in materials for teaching and research purposes. ,,Image;StillImage,eng,
bengal_famine031,Graphic_Art_20.jpeg,,Documentation about 1770 famine,image/jpeg,"Conversation between William Wilson Hunter, and Debdulal Mitra focusing on the publication of famine details with illustration at newspaper column","Argha Manna, Debkumar Mitra",,2020,,single-page; photographs,Graphic Narrative,"Bengal, India",,,,,Famine Tale: From India and Britain,https://faminetales.exeter.ac.uk/items/show/47,,,Educational use includes non-commercial use of text and images in materials for teaching and research purposes. ,,Image;StillImage,eng,
bengal_famine032,Graphic_Art_21.jpeg,,The Land and Farming as Revenue Generating Machines,image/jpeg,The Company and Zamindars tried to change the traditional irrigation system to increase their revenue,"Argha Manna, Debkumar Mitra",,2020,,single-page; photographs,Graphic Narrative,"Bengal, India",,,,,Famine Tale: From India and Britain,https://faminetales.exeter.ac.uk/items/show/47,,,Educational use includes non-commercial use of text and images in materials for teaching and research purposes. ,,Image;StillImage,eng,
bengal_famine033,Graphic_Art_22.jpeg,,Epilogue,image/jpeg,"Debdulal Mitra returened to Calcutta, Sir William Hunter documented the famine in Midnapur and Orissa ","Argha Manna, Debkumar Mitra",,2020,,single-page; photographs,Graphic Narrative,"Bengal, India",,,,,Famine Tale: From India and Britain,https://faminetales.exeter.ac.uk/items/show/47,,,Educational use includes non-commercial use of text and images in materials for teaching and research purposes. ,,Image;StillImage,eng,
bengal_famine034,Graphic_Art_23.jpeg,,Publication on Print Media,image/jpeg,"Several newspapers such as Le Petit Journal, Illustrated London, The Graphic Magazine, The Satirical Magazine covered the famine 1770 news ","Argha Manna, Debkumar Mitra",,2020,,single-page; photographs,Graphic Narrative,"Bengal, India",,,,,Famine Tale: From India and Britain,https://faminetales.exeter.ac.uk/items/show/47,,,Educational use includes non-commercial use of text and images in materials for teaching and research purposes. ,,Image;StillImage,eng,
bengal_famine035,eic4.jpeg,,John Cartier,image/jpeg,"John Cartier was a British colonial governor in India from 1769 to 1772. On 25 January 1770, Cartier proposed to the Board that land taxes be remitted by about seven percent in afflicted areas on grounds of widespread suffering. He was blamed for ignoring warnings about the impending disaster. In response to the crisis, the Court of Directors sent a three-person commission to Bengal to assess the situation. However, the ship carrying the three members foundered at sea. The Court of Directors did not send a replacement and recalled Cartier. Warren Hastings was selected as his replacement; he took office on 28 April 1772.",UNKNOWN,,,,single-page; photographs,Governor of Bengal; ; East India Company,"Calcutta, India",,,,,"IndiaNetzone, Wikipedia",https://www.indianetzone.com/62/john_cartier.htm ,,,Educational use includes non-commercial use of text and images in materials for teaching and research purposes. ,,Image;StillImage,eng,
bengal_famine036,eic5.jpeg,,Memorial to Harry Verelst,image/jpeg,"Harry Verelst became the Governor of Bengal from 1767 to 1769 after Robert Clive quit the position. On 18 September 1769, Naib Nazim of Dhaka Mohammed Reza Khan informed Harry Verelst, President of the Council at Fort William about the ""dryness of the season"". A century later, W. W. Hunter would note that John Cartier's letter to be the ""only serious intimation"" about the approaching famine, and find the absence of President Verelst's affirmation to be striking.",Tedster007,,1767,,single-page; photographs,President of the Council at Fort William; East India Company,"Calcutta, India",,,,,Wikipedia,https://upload.wikimedia.org/wikipedia/commons/b/b4/Memorial_to_Harry_Verelst_in_St_Mary%27s_Church%2C_Minster-in-Thanet%2C_Kent.jpg,,,Educational use includes non-commercial use of text and images in materials for teaching and research purposes. ,,Image;StillImage,eng,
bengal_famine039,eic6.jpeg,,John Shore,image/jpeg,"John Shore, 1st Baron Teignmouth, 1st Baronet (5 October 1751 – 14 February 1834) was a British official of the East India Company who served as Governor-General of Bengal from 1793 to 1798. Soon after his arrival in Calcutta, in May 1769 Shore was appointed to the secret political department, in which he remained for about twelve months. In September 1770 he was nominated assistant to the board of revenue at Murshidabad.",George Richmond,,1832,,single-page; photographs,Painting; Watercolor,,,,,,Wikimedia Commons,https://commons.wikimedia.org/wiki/File:JohnShore.jpg#:~:text=https%3A//upload.wikimedia.org/wikipedia/commons/e/e0/JohnShore.jpg,,,Educational use includes non-commercial use of text and images in materials for teaching and research purposes. ,,Image;StillImage,eng,
bengal_famine040,eic7.png,,Warren Hastings,image/png,"Warren Hastings FRS (6 December 1732 – 22 August 1818) was a British colonial administrator, who served as the first Governor of the Presidency of Fort William (Bengal), the head of the Supreme Council of Bengal, and so the first Governor-General of Bengal in 1772–1785. He created an efficient postal service, backed a proper cartographical survey of India by James Rennell and built a series of public granaries, including the great Gola at Patna, to make sure the famine of 1770-71 was never repeated.",Kathleen Blechynden,,1905,,single-page; photographs,Painting,"Calcutta, India",22.573114,88.361801,,,Wikimedia Commons,https://upload.wikimedia.org/wikipedia/commons/5/57/Calcutta%2C_Past_and_Present_p91.png,,,Educational use includes non-commercial use of text and images in materials for teaching and research purposes. ,,Image;StillImage,eng,
bengal_famine042,migration1.jpeg,,Rajmahal ,image/jpeg,"Rajmahal is a subdivisional town and a notified area in Rajmahal subdivision of the Sahebganj district in the Indian state of Jharkhand. Mr. William  Harwood, Supervisor of Rajmahal wrote on 23rd April, 1770, a huge number of people perished because of famine.",UNKNOWN,,1878,,single-page; photographs,Wood engraving,"Rajmahal, Jharkhand, India",25.054035,87.834184,,,Wikimedia Commons,https://upload.wikimedia.org/wikipedia/commons/8/88/Sontalvillage.jpg,,,Educational use includes non-commercial use of text and images in materials for teaching and research purposes. ,,Image;StillImage,eng,
bengal_famine043,migration2.jpeg,,Bhagalpur,image/jpeg,"Bhagalpur, historically known as Champa Nagri, is a city in the Indian state of Bihar, situated on the southern bank of the Ganges river. Mr. William  Harwood, Supervisor of Rajmahal and Bhagalpur, wrote on 23rd April, 1770, “ As a proof of this (severity of famine) I need only mention the number of souls who have perished thro’ want to Boglepoor town, within the last five months (i.e. from December 1769 to April 1770), which upon a strict enquiry I find to exceed one-third of the inhabitants.”",William Hodges,,1787,,single-page; photographs,Painting; Watercolor,"Bhagalpur, Bihar, India",25.242443,86.984231,,,Wellcome Collection 26610i,https://wellcomecollection.org/works/n2dchwsh,,,Educational use includes non-commercial use of text and images in materials for teaching and research purposes. ,,Image;StillImage,eng,
bengal_famine044,migration3.png,,Purnia,image/jpeg,"Purnia division is an administrative geographical unit of Bihar state of India. It appears from the account which the Supervisor of Purnia received from Parganahs, that nearly two lakhs of people perished in his district.
", Shivam Setu,,2015,,single-page; photographs,Map,"Purnia, Bihar, India",25.777140,87.475255,,,Wikimedia Commons,https://upload.wikimedia.org/wikipedia/commons/7/7b/Purnia_division.svg,,,Educational use includes non-commercial use of text and images in materials for teaching and research purposes. ,,Image;StillImage,eng,
bengal_famine045,migration4.jpg,,Nepal,image/jpg,"Map of the dominions of the House of Gorkha (Nepal) from Francis Hamilton M. D. named ""An Account of the Kingdom of Nepal and the Territories annexed to this Dominion by the House of Gorkha"", 1819.",W. & D. Edinburgh,,1819,,single-page; photographs,Map,Nepal,28.209647,83.985538,,,Wikimedia Commons,https://commons.wikimedia.org/wiki/File:Map_of_Greater_Nepal_(with_part_of_ceded_territory).jpg,,,Educational use includes non-commercial use of text and images in materials for teaching and research purposes. ,,Image;StillImage,eng,
bengal_famine046,migration5.jpeg,,Bishnupur,image/jpeg,District in Bengal suffered the worst along with Purnia due to famine.,Walter Campbell,,1869,,single-page; photographs,Photograph,"Rasmancha Temple, Bishnupur, India",23.067207,87.321447,,,Old Indian Photos,https://www.oldindianphotos.in/2016/04/the-rasmancha-temple-bishnupur-bankura.html,,,Educational use includes non-commercial use of text and images in materials for teaching and research purposes. ,,Image;StillImage,eng,
bengal_famine047,migration6.png,,Rajshahi,image/png,"Before the outbreak,there were 265 families in the 11 villages of the Maner parganah. Out of 265 families, only 127 families survived at the end of 1771. There was areduction of 51 ½  % of the families. In the fifteen villages of the Arwal parganah there were 291 families before the famine, but at the end of the year 1771 only 157 families survived.ed. Thus there was a reduction of about 46 per cent of the families in fifteen villages of the Arwal Parganah.
",Jayantanth,,2009,,single-page; photographs,Map,"Rajsahi, Bangladesh",24.374705,88.600364,,,Wikimedia Commons,https://commons.wikimedia.org/wiki/File:Rajshahi_District.svg,,,Educational use includes non-commercial use of text and images in materials for teaching and research purposes. ,,Image;StillImage,beng,
bengal_famine048,migration7.jpeg,,Allumgunj,image/jpeg,"Allumgunj, once a great rice-market town in Bihar, had so much declined that a great part of the town was full of jungles and literally a refuge",UNKNOWN,,,,single-page; photographs,Photograph,"Alamganj, Bihar, India",25.1973291,85.5222772,,,Sunrise Sunset Times Lookup,https://live.staticflickr.com/7199/6983645195_52b80ba963_b.jpg,,,Educational use includes non-commercial use of text and images in materials for teaching and research purposes. ,,Image;StillImage,eng,
bengal_famine049,migration8.jpeg,,Birbhum,image/jpeg,"In Birbhum, four years before the famine, it was recorded that there were 6,000 rural communities each with a village in the centre of its lands. In 1771, three years after the famine, only 4,000 of these communities survived.", P.K.Niyogi,,2006,,single-page; photographs,Photograph,"Birbhum, West Bengal, India",23.968536,87.678633,,,Wikimedia Commons,https://upload.wikimedia.org/wikipedia/commons/c/cd/Birbhum_Village.jpg,,,Educational use includes non-commercial use of text and images in materials for teaching and research purposes. ,,Image;StillImage,eng,
bengal_famine050,migration9.jpeg,,Murshidabad,image/jpeg,"Huge amount of rice, grains transported by Reza from Dinajpur, Rungpur to Murshidabad",UNKNOWN,,1760,,single-page; photographs,Painting,"Murshidabad, West Bengal, India",24.175928,88.280182,,,Wikimedia Commons,https://upload.wikimedia.org/wikipedia/commons/3/3d/A_landscape_with_a_shrine_and_pilgrims.jpg,,,Educational use includes non-commercial use of text and images in materials for teaching and research purposes. ,,Image;StillImage,eng,
bengal_famine051,migration10.jpeg,,Hooghly,image/jpeg,"By the summer of 1770, people were dying everywhere. Although the monsoon immediately after did bring plentiful rains, it also brought diseases to which many among the enfeebled fell victim. For several years thereafter piracy increased on the Hooghly river delta",Sourav manna,,2019,,single-page; photographs,Map,"Hooghly, West Bengal, India",22.836943,88.036575,,,Wikimedia Commons,https://upload.wikimedia.org/wikipedia/commons/e/e9/Map_of_hooghly_district_.jpg,,,Educational use includes non-commercial use of text and images in materials for teaching and research purposes. ,,Image;StillImage,eng,
bengal_famine052,migration11.jpeg,,Banaras,image/jpeg,"Due to famine, affected people of western Bihar migrated to Benaras",James Prinsep,,1832,,single-page; photographs,Lithograph,"Banaras, Uttar Pradesh, India",25.318324,82.974867,,,British Library; Wikimedia Commons,https://upload.wikimedia.org/wikipedia/commons/e/ec/Benares_A_Brahmin_placing_a_garland_on_the_holiest_spot_in_the_sacred_city_by_James_Prinsep_1832.jpg,,,Educational use includes non-commercial use of text and images in materials for teaching and research purposes. ,,Image;StillImage,eng,
bengal_famine041,foodcrisis1.jpeg,,Rangpur Grain Market,image/jpeg,"The local Nawabs, and zamindars could stop the famine because they had enough grains in their storage. Even they looted from the farmers. Muhammad Reza Khan often raided Rungpur grain market and took all the rice and grain forcefully to his storage. Maharaja Nandakumar had the allegation against Reza.",W. H. Allen and Co.,,1880,,single-page; photographs,Map,"Rangpur, Bangladesh",25.749636,89.260979,,,"Pope, G. U. (1880), Text-book of Indian History: Geographical Notes, Genealogical Tables, Examination Questions, London: W. H. Allen & Co. Pp. vii, 574, 16 maps; Wikipedia",https://en.wikipedia.org/wiki/File:Pope1880BengalPres2.jpg#filehistory,,,Educational use includes non-commercial use of text and images in materials for teaching and research purposes. ,,Image;StillImage,eng,
bengal_famine053,foodcrisis2.jpeg,,Dhaka,image/jpeg,"During this time of famine, Rza’s sepoys used to stop the grain merchants’s boats and forcefully bought the grain. Huge amount of rice, grains transported by Reza from Dinajpur, Rungpur to Murshidabad, Dhaka. ",Dickinson,,1847,,single-page; photographs,Lithograph,"Dhaka, Bangladesh",23.804129,90.415238,,,"British Library, V.6640",https://imagesonline.bl.uk/asset/18955,,,Educational use includes non-commercial use of text and images in materials for teaching and research purposes. ,,Image;StillImage,eng,
bengal_famine054,foodcrisis3.png,,Dinajpur,image/png,"Dinajpur was the biggest administrative district of undivided Bengal. In 1770, food grain was transported from Dinajpur, Murshidabad to Fort William, Calcutta. In addition to that, Huge amount of rice, grains transported by Reza from Dinajpur, Rungpur to Murshidabad, Dhaka.
",Nafsadh,,2015,,single-page; photographs,Map,"Dinajpur, Bangladesh",25.622141,88.643790,,,"Wikimedia Commons, BD Moulvibazar District locator map.svg",https://upload.wikimedia.org/wikipedia/commons/7/7e/BD_Dinajpur_District_locator_map.svg,,,Educational use includes non-commercial use of text and images in materials for teaching and research purposes. ,,Image;StillImage,eng,
bengal_famine055,foodcrisis4.jpeg,,Patna,image/jpeg,"Raja Shitae Roy  joined on this catastrophe, and controlled every shipment of rice and grain from Rungpur to Patna. They failed to save Murshidabad and Patna, because most of the grain was lotted to feed the British Garrison. So, it created the food crisis.
",Sita Ram,,1814-15,,single-page; photographs,Painting,"Patna, India",25.594725,85.136789,,,Wikimedia Commons,https://upload.wikimedia.org/wikipedia/commons/c/c3/Main_street_of_Patna%2C_1814-15.jpg,,,Educational use includes non-commercial use of text and images in materials for teaching and research purposes. ,,Image;StillImage,eng,
bengal_famine056,foodcrisis5.jpg,,Fort St. George,image/jpg,"Fort St. George was the first English fortress in India. Food grain transported from Calcutta to St. George, Madras in 1770. That created an artificial food crisis.",Jan Van Ryne ,,1754,,single-page; photographs,Etching print,"Fort St. George, Madras (Chennai), India",13.081626,80.286368,,,"        
National Maritime Museum   wikidata:Q1199924, Wikimedia Commons",https://upload.wikimedia.org/wikipedia/commons/4/4f/Fort_St._George%2C_Chennai.jpg,,,Educational use includes non-commercial use of text and images in materials for teaching and research purposes. ,,Image;StillImage,eng,
bengal_famine057,foodcrisis6.jpeg,,Fort Marlborough,image/jpeg,"It was one of the strongest British forts in the eastern region. Food grain transported from Madras to Fort Marlborough, Sumatra in 1770. That made the food crisis worst.
",UNKNOWN,,,,single-page; photographs,Photograph,"Fort Marlborough, Sumatra",-3.787108,102.251718,,,"
Wereldmuseum Amsterdam,
Collectie Stichting Nationaal Museum van Wereldculturen ; Wikimedia Commons",https://upload.wikimedia.org/wikipedia/commons/0/07/COLLECTIE_TROPENMUSEUM_Uitzicht_op_zee_vanaf_het_fort_te_Benkoelen_TMnr_10002079.jpg,,,Educational use includes non-commercial use of text and images in materials for teaching and research purposes. ,,Image;StillImage,eng,
bengal_famine038,book1.jpg,,"""The Review of Modern Times"" or ""The Sëir Mutaqherin""",image/jpg,"Ghulam Hussain Khan also known as Ghulam Husain Khan Tabatabai (1727-1797/98) (Arabic: غلام حسین خان طباطبائی) was an 18th century Indian historian and scholar-administrator from Delhi who later settled in Azimabad (Patna). His persian text ""Siyaru’l-muta’akhkhirinon"" that time mentioned famine.",Ghulam Husain Khan,,2018,,single-page; photographs,"Indian History Book, Book",India,,,,,Amazon.in,https://www.amazon.in/S%C3%AF%C2%BF%C2%BDir-Mutaqherin-Review-Modern-Times/dp/1332999328#detailBullets_feature_div,,,Educational use includes non-commercial use of text and images in materials for teaching and research purposes. ,,Image;StillImage,eng,
bengal_famine058,book2.jpeg,,Anandamath,image/jpeg,"The economic and cultural impact of the famine was felt long afterwards, becoming the subject a century later of Bankim Chandra Chatterjee's influential novel Anandamath.",BankimChandra Chattapadyay,,1883,,single-page; photographs,Book; Indian Literature,"Chinsurah, India",,,,,Internet Archive; Wikipedia; Amazon.com ,https://archive.org/details/in.ernet.dli.2015.357917/page/n5/mode/2up,,,Educational use includes non-commercial use of text and images in materials for teaching and research purposes. ,,Image;StillImage,beng,
bengal_famine059,header.png,,Famine Sketches ,image/png,Distressed Natives Going to the Relief Works,,,1874,,single-page; photographs,Illustration,"Bengal, India",,,,,Wikimedia Commons,https://commons.m.wikimedia.org/wiki/File:Distressed_Natives_Going_to_the_Relief_Works_-_The_Graphic_1874.jpg,,,Educational use includes non-commercial use of text and images in materials for teaching and research purposes. ,,Image;StillImage,eng,
bengal_famine060,foodcrisis7.png,,Company servant's letter ,image/png,"Company servant's letter tio a friend to London that published in ""The General Evening"", a newspaper in London",Saptarishi Bandopadhyay,,,,single-page; photographs,letter,London,,,,,"Bengal 1770 Famine, Corruption, and the Climate of Legal Despotism",,,,Educational use includes non-commercial use of text and images in materials for teaching and research purposes. ,,Image;StillImage,eng,
bengal_famine061,migration12.png,,Migration Patterns,image/png,Visualization of migration pattern during 1770 famine,Ria De,,2024,,single-page; photographs,Visualization,,,,,,Tableau,https://public.tableau.com/app/profile/ria.de3373/viz/Migration_17141966903080/Sheet2,,,Educational use includes non-commercial use of text and images in materials for teaching and research purposes. ,,Image;StillImage,eng,
bengal_famine062,revenue.png,,Revenue in Midnapore district,image/png,"Net revenue of Midnapore province from May 1760 to April 1770, described by Governor Verelst in his book ""View of the the English Government in Bengal""",Ria De,,2024,,single-page; photographs,Visualization,,,,,,Tableau,https://public.tableau.com/views/RevenueofMidnapore/VisualizationofrevenueincreaseinMidnaporedistrict?:language=en-US&:sid=&:display_count=n&:origin=viz_share_link,,,Educational use includes non-commercial use of text and images in materials for teaching and research purposes. ,,Image;StillImage,eng,
bengal_famine063,revenue1.png,,Net revenue of Midnapore province,image/png,"Net revenue of Midnapore province from May 1760 to April 1770, described by Governor Verelst in his book ""View of the the English Government in Bengal""",,,,,single-page; photographs,,,,,,,,,,,Educational use includes non-commercial use of text and images in materials for teaching and research purposes. ,,Image;StillImage,eng,
bengal_famine064,revenue2.png,,Revenue in Birbhum district,image/png,Visualization of revenue increase of East India Company in Birbhum district during 1728-1771,Ria De,,2024,,single-page; photographs,Visualization,,,,,,Tableau,https://public.tableau.com/views/RevenueinBirbhum/RevenueinBirbhum?:language=en-US&:sid=&:display_count=n&:origin=viz_share_link,,,Educational use includes non-commercial use of text and images in materials for teaching and research purposes. ,,Image;StillImage,eng,